Time,Heap_Bytes,Heap_MB,Heap_Objects,Goroutines
0s,4.120576e+06,3.93,17252,14
30s,4.931584e+06,4.70,25978,19
60s,5.316608e+06,5.07,30551,19
